+рдЕрдзрд┐рдкреНрд░рд╛рдХреГрддрдореН 	 prakIrNAryabhAShAH/meta/
+рдкреНрд░рдХреАрд░реНрдгрд╛рд░реНрдп-рднрд╛рд╖рд╛рдГ 	 prakIrNAryabhAShAH/
+рднрд╛рд╖рд╛рдиреНрддрд░рдореН 	 
+рдорд╛рдирд╕рддрд░рдЩреНрдЧрд┐рдгреАрдХреГрд▓реН-рд▓реЗрдЦрд╛рдГ 	 prakIrNAryabhAShAH/meta/MT_lekhAH/
Maharatti and Kannada and more musing on Indo-Aryan 	 prakIrNAryabhAShAH/meta/MT_lekhAH/2006-07-16_maharatti-and-kannada-and-more-musing-on-indo-aryan/
The substrate in Old Indo-Aryan 	 prakIrNAryabhAShAH/meta/MT_lekhAH/2006-07-16_the-substrate-in-old-indo-aryan/
+Articles 	 tamiL/padyam/articles/
+MT 	 tamiL/padyam/articles/MT/
+рддрдорд┐рд│реН 	 tamiL/
+рдкрджреНрдпрдореН 	 tamiL/padyam/
Gory Tamil poems 	 tamiL/padyam/articles/MT/2003-10-01_gory-tamil-poems/
+Articles 	 prAkRtam/meta/articles/
+MT 	 prAkRtam/meta/articles/MT/
+рдЕрдзрд┐рдкреНрд░рд╛рдХреГрддрдореН 	 prAkRtam/meta/
+рдкреНрд░рд╛рдХреГрддрдореН 	 prAkRtam/
Prakrit 	 prAkRtam/meta/articles/MT/2003-08-05_prakrit/
 	 castellano_espanol/kriyA-padam/
+01 	 ellenika/odysseia/mUlam/01/
+рез рдЕрд▒рддреНрддреБрдкреНрдкрд╛рд▓реН рдзрд░реНрдордХрд╛рдгреНрдбрдГ 	 tamiL/padyam/tiruk-kuraL/sarva-prastutiH/1_a.RhattuppAl_dharmakANDaH/
+рез рдЕрд░рд╕рд┐рдпрд▓реН 	 tamiL/padyam/tiruk-kuraL/sarva-prastutiH/2_pOruTpAl_arthakANDaH/1_arasiyal/
+рез рдХрдбрд╡реБрд│реН рд╡рд╛рд┤реНрддреНрддреБ 	 tamiL/padyam/tiruk-kuraL/sarva-prastutiH/1_a.RhattuppAl_dharmakANDaH/1_kaDavuL_vA.Lttu/
+рез рдХрд│рд╡рд┐рдпрд▓реН 	 tamiL/padyam/tiruk-kuraL/sarva-prastutiH/3_kAmattuppAl_kAmakANDaH/1_kaLaviyal/
+реи рдЕрдЩреНрдЧрд╡рд┐рдпрд▓реН 	 tamiL/padyam/tiruk-kuraL/sarva-prastutiH/2_pOruTpAl_arthakANDaH/2_angaviyal/
+реи рдЗрд▓реНрд▓рд▒рд╡рд┐рдпрд▓реН рдЧреГрд╣рд╕реНрде-рдзрд░реНрдо-рднрд╛рдЧрдГ 	 tamiL/padyam/tiruk-kuraL/sarva-prastutiH/1_a.RhattuppAl_dharmakANDaH/2_illa.Rhaviyal/
+реи рдХрд▒реНтАМрдкрд┐рдпрд▓реН 	 tamiL/padyam/tiruk-kuraL/sarva-prastutiH/3_kAmattuppAl_kAmakANDaH/2_ka.Rhpiyal/
+реи рдкреКрд░реБрдЯреНрдкрд╛рд▓реН рдЕрд░реНрдердХрд╛рдгреНрдбрдГ 	 tamiL/padyam/tiruk-kuraL/sarva-prastutiH/2_pOruTpAl_arthakANDaH/
+рей рдЕрдЩреНрдЧрд╡рд┐рдпрд▓реН 	 tamiL/padyam/tiruk-kuraL/sarva-prastutiH/2_pOruTpAl_arthakANDaH/3_angaviyal/
+рей рдХрд╛рдорддреНрддреБрдкреНрдкрд╛рд▓реН рдХрд╛рдордХрд╛рдгреНрдбрдГ 	 tamiL/padyam/tiruk-kuraL/sarva-prastutiH/3_kAmattuppAl_kAmakANDaH/
+рей рддреБрд▒рд╡рд▒рд╡рд┐рдпрд▓реН 	 tamiL/padyam/tiruk-kuraL/sarva-prastutiH/1_a.RhattuppAl_dharmakANDaH/3_tu.Rhava.Rhaviyal/
+рек рдКрд┤рд┐рдпрд▓реН 	 tamiL/padyam/tiruk-kuraL/sarva-prastutiH/1_a.RhattuppAl_dharmakANDaH/4_U.Liyal/
+рек рдТрд┤рд┐рдмрд┐рдпрд▓реН 	 tamiL/padyam/tiruk-kuraL/sarva-prastutiH/2_pOruTpAl_arthakANDaH/4_O.Libiyal/
+AI Kid stories 	 telugu/gadyam/ai-kid-stories/
+Articles 	 chinese/articles/
+Articles 	 latina/articles/
+Beowulf 	 ger-man/beowulf/
+Canticum 	 latina/canticum/
+Castellano 	 castellano_espanol/
+Chinese 	 chinese/
+De Bello Gallico 	 latina/prosa/De_bello_gallico/
+En 	 tamiL/padyam/tiruk-kuraL/TIkA/en/
+Ger-man 	 ger-man/
+Latina 	 latina/
+Portuges 	 portuges/
+Prosa 	 latina/prosa/
+Urdu 	 urdu/
+╬Х╬╗╬╗╬╖╬╜╬╣╬║╬м 	 ellenika/
+с╜И╬┤╧Н╧Г╧Г╬╡╬╣╬▒ 	 ellenika/odysseia/
+рдЕрджреНрджрдЩреНрдХрд┐-рд╢реНрд░реАрдирд┐рд╡рд╛рд╕ 	 telugu/gadyam/addanki-shrInivAsa/
+рдЕрдзрд┐-рдорд╣рд╛рд░рд╛рд╖реНрдЯреНрд░рдХрдореН 	 marAThI/meta/
+рдЕрдиреБрд░рд╛рдЧ-рдкрджрд╛рд╡рд▓реА 	 prakIrNAryabhAShAH/padya/sUradAsa/anurAga-padAvalI/
+рдЖрд░рд┐рдп-рд╡рдЪрдГ 	 Ariya-vachaH/
+рдХрд╡рд┐рддрд╛рд╡рд▓реА 	 prakIrNAryabhAShAH/padya/tulasIdAsa/prakIrNa/kavitAvalI/
+рдЧрджреНрдп 	 prakIrNAryabhAShAH/gadya/
+рдЧрджреНрдпрдореН 	 tamiL/gadyam/
+рдЧрджреНрдпрдореН 	 telugu/gadyam/
+рдЧреАрдд 	 prakIrNAryabhAShAH/gIta/
+рдЧреАрдд 	 vAnga/ThAkura-ravIndranAtha/gIta/
+рдЪрд┐рддреНрд░рд╛рдгрд┐ 	 prakIrNAryabhAShAH/images/
+рдЬрд╛рдирдХреА-рдордЩреНрдЧрд▓ 	 prakIrNAryabhAShAH/padya/tulasIdAsa/prakIrNa/jAnakI-mangala/
+рдЯреАрдХрд╛ 	 tamiL/padyam/tiruk-kuraL/TIkA/
+рдард╛рдХреБрд░-рд░рд╡реАрдиреНрджреНрд░рдирд╛рдердГ 	 vAnga/ThAkura-ravIndranAtha/
+рддрд┐рд░реБрдХреН-рдХреБрд░рд▓реН 	 tamiL/padyam/tiruk-kuraL/
+рддреБрд▓рд╕реАрджрд╛рд╕ 	 prakIrNAryabhAShAH/padya/tulasIdAsa/
+рддреЖрд▓реБрдЧреБ 	 telugu/
+рдкрдЮреНрдЬрд╛рдмреА рд╡реНрдпрд╛рдХрд░рдг 	 prakIrNAryabhAShAH/vyAkaraNa/avadhi/
+рдкрдЮреНрдЬрд╛рдмреА рд╡реНрдпрд╛рдХрд░рдг 	 prakIrNAryabhAShAH/vyAkaraNa/panjAbI/
+рдкрджреНрдп 	 prakIrNAryabhAShAH/padya/
+рдкрджреНрдпрдореН 	 prAkRtam/padyam/
+рдкрджреНрдпрдореН 	 telugu/padyam/
+рдкрд░рд╡рд╕реНрддреБ-рдЪрд┐рдиреНрдирдпреНрдп-рд╕реВрд░рд┐рдГ 	 telugu/gadyam/paravastu-chinnayya-sUri/
+рдкреНрд░рдХреАрд░реНрдг 	 prakIrNAryabhAShAH/padya/tulasIdAsa/prakIrNa/
+рдкреНрд░рдХреАрд░реНрдгрдореН 	 telugu/padyam/prakIrNam/
+рдмрд░рд╡реИ-рд░рд╛рдорд╛рдпрдг 	 prakIrNAryabhAShAH/padya/tulasIdAsa/prakIrNa/baravai-rAmAyaNa/
+рдмреЗрдЪрди-рд╢рд░реНрдо рдЙрдЧреНрд░ 	 prakIrNAryabhAShAH/gadya/bechan-sharma_ugra/
+рдорд░рд╛рдареА 	 marAThI/
+рдорд│рдпрд╛рд│рдореН 	 maLayALam/
+рдореВрд▓рдореН 	 ellenika/odysseia/mUlam/
+рд░рд╢реНрдорд┐рд░рдереА 	 prakIrNAryabhAShAH/padya/rashmirathI/
+рд░рд╛рдо-рдЪрд░рд┐рддрд╛рд╡рд▓реА 	 prakIrNAryabhAShAH/padya/sUradAsa/rAma-charitAvalI/
+рд░рд╛рдорд╛рдЬреНрдЮрд╛-рдкреНрд░рд╢рди 	 prakIrNAryabhAShAH/padya/tulasIdAsa/prakIrNa/rAmAjnA-prashan/
+рд╡рд┐рдирдп-рдкрддреНрд░рд┐рдХрд╛ 	 prakIrNAryabhAShAH/padya/sUradAsa/vinaya-patrikA/
+рд╡рд┐рдирдп-рдкрддреНрд░рд┐рдХрд╛ 	 prakIrNAryabhAShAH/padya/tulasIdAsa/prakIrNa/vinaya-patrikA/
+рд╡рд┐рд░рд╣-рдкрджрд╛рд╡рд▓реА 	 prakIrNAryabhAShAH/padya/sUradAsa/viraha-padAvalI/
+рд╡реИрд░рд╛рдЧреНрдп-рд╕рдиреНрджреАрдкрд┐рдиреА 	 prakIrNAryabhAShAH/padya/tulasIdAsa/prakIrNa/vairAgya-sandIpinI/
+рд╡реНрдпрд╛рдХрд░рдг 	 marAThI/vyAkaraNa/
+рд╡реНрдпрд╛рдХрд░рдг 	 prakIrNAryabhAShAH/vyAkaraNa/
+рд╡реНрдпрд╛рдХрд░рдгрдореН 	 maLayALam/vyAkaraNam/
+рд╡реНрдпрд╛рдХрд░рдгрдореН 	 tamiL/vyAkaraNam/
+рд╡реНрдпрд╛рдХрд░рдгрдореН 	 telugu/vyAkaraNam/
+рд╢реНрд░реА-рдХреГрд╖реНрдг-рдЧреАрддрд╛рд╡рд▓реА 	 prakIrNAryabhAShAH/padya/tulasIdAsa/prakIrNa/shrI-kRShNa-gItAvalI/
+рд╢реНрд░реА-рдХреГрд╖реНрдг-рдмрд╛рд▓-рдорд╛рдзреБрд░реА 	 prakIrNAryabhAShAH/padya/sUradAsa/shrI-kRShNa-bAla-mAdhurI/
+рд╢реНрд░реА-рд╡реИрд╖реНрдгрд╡ 	 tamiL/gadyam/shrI-vaiShNava/
+рд╕рдВ 	 tamiL/padyam/tiruk-kuraL/TIkA/sa/
+рд╕рдиреНрдзрд┐рдГ 	 maLayALam/vyAkaraNam/sandhiH/
+рд╕рд░реНрд╡-рдкреНрд░рд╕реНрддреБрддрд┐рдГ 	 tamiL/padyam/tiruk-kuraL/sarva-prastutiH/
+рд╕реВрд░рджрд╛рд╕ 	 prakIrNAryabhAShAH/padya/sUradAsa/
+рд╣рдиреБрдорд╛рдиреН-рдмрд╛рд╣реБрдХ 	 prakIrNAryabhAShAH/padya/tulasIdAsa/prakIrNa/hanumAn-bAhuka/
+р░╡р▒Зр░Яр▒Вр░░р░┐ р░кр▒Нр░░р░нр░╛р░Хр░░р░╢р░╛р░╕р▒Нр░др▒Нр░░р░┐ 	 telugu/padyam/vETUri-prabhAkara-shAstrI/
01 	 ellenika/odysseia/mUlam/01/01/
01 	 ger-man/beowulf/00/
режрез рдЕрдореИрдЪреНрдЪреБ 	 tamiL/padyam/tiruk-kuraL/sarva-prastutiH/2_pOruTpAl_arthakANDaH/2_angaviyal/01_amaichchu/
режрез рдЕрд░реБрд│реБрдбреИрдореИ 	 tamiL/padyam/tiruk-kuraL/sarva-prastutiH/1_a.RhattuppAl_dharmakANDaH/3_tu.Rhava.Rhaviyal/01_aruLuDaimai/
режрез рдЗрд▒реИрдорд╛рдЯреНрдЪрд┐ 	 tamiL/padyam/tiruk-kuraL/sarva-prastutiH/2_pOruTpAl_arthakANDaH/1_arasiyal/01_i.RhaimATchi/
режрез рдЗрд▓реН-рд╡рд╛рд┤реНрдХреНрдХреИ - рдЧреГрд╣рд╕реНрде-рдЬреАрд╡рдирдореН 	 tamiL/padyam/tiruk-kuraL/sarva-prastutiH/1_a.RhattuppAl_dharmakANDaH/2_illa.Rhaviyal/01_ilvA.Lkkai/
режрез рдКрд┤реН 	 tamiL/padyam/tiruk-kuraL/sarva-prastutiH/1_a.RhattuppAl_dharmakANDaH/4_U.Liyal/01_U.L/
режрез рдХрдбрд╡реБрд│реН рд╡рд╛рд┤реНрддреНрддреБ - рдИрд╢рд╡рдиреНрджрдирд╛ 	 tamiL/padyam/tiruk-kuraL/sarva-prastutiH/1_a.RhattuppAl_dharmakANDaH/1_kaDavuL_vA.Lttu/01_kaDavuL_vA.Lttu/
режрез рдХреБрдбрд┐рдореИ 	 tamiL/padyam/tiruk-kuraL/sarva-prastutiH/2_pOruTpAl_arthakANDaH/4_O.Libiyal/01_kuDimai/
режрез рдЫрдкреНрдкрдп 	 prakIrNAryabhAShAH/padya/tulasIdAsa/prakIrNa/hanumAn-bAhuka/01_Chappaya/
режрез рддрдЧреИрдпрдгрдЩреНрдЧреБрд▒реБрддреНрддрд▓реН 	 tamiL/padyam/tiruk-kuraL/sarva-prastutiH/3_kAmattuppAl_kAmakANDaH/1_kaLaviyal/01_tagaiyaNangu.Rhuttal/
режрез рдирдореНрд░ рдирд┐рд╡реЗрджрди 	 prakIrNAryabhAShAH/padya/sUradAsa/anurAga-padAvalI/01_namra_nivedana/
режрез рдирдореНрд░ рдирд┐рд╡реЗрджрди 	 prakIrNAryabhAShAH/padya/sUradAsa/vinaya-patrikA/01_namra_nivedana/
режрез рдирд╛рдбреБ 	 tamiL/padyam/tiruk-kuraL/sarva-prastutiH/2_pOruTpAl_arthakANDaH/3_angaviyal/01_nADu/
режрез рдирд┐рд╡реЗрджрди 	 prakIrNAryabhAShAH/padya/sUradAsa/viraha-padAvalI/01_nivedana/
режрез рдирд┐рд╡реЗрджрди 	 prakIrNAryabhAShAH/padya/tulasIdAsa/prakIrNa/baravai-rAmAyaNa/01_nivedana/
режрез рдирд┐рд╡реЗрджрди 	 prakIrNAryabhAShAH/padya/tulasIdAsa/prakIrNa/vairAgya-sandIpinI/01_nivedana/
режрез рдкрдж-рд╕реВрдЪреА 	 prakIrNAryabhAShAH/padya/sUradAsa/shrI-kRShNa-bAla-mAdhurI/01_pada-sUchI/
режрез рдкрджреЛрдВрдХреА рд╡рд░реНрдгрд╛рдиреБрдХреНрд░рдордгрд┐рдХрд╛ 	 prakIrNAryabhAShAH/padya/tulasIdAsa/prakIrNa/shrI-kRShNa-gItAvalI/01_padoMkI_varNAnukramaNikA/
режрез рдкрд┐рд░рд┐рд╡реБ рдЖрд▒реНтАМрд▒рд╛рдореИ 	 tamiL/padyam/tiruk-kuraL/sarva-prastutiH/3_kAmattuppAl_kAmakANDaH/2_ka.Rhpiyal/01_pirivu_A.Rh.RhAmai/
режрез рдмрд╛рд▓рдХрд╛рдгреНрдб 	 prakIrNAryabhAShAH/padya/sUradAsa/rAma-charitAvalI/01_bAlakANDa/
режрез рдмрд╛рд▓рдХрд╛рдгреНрдб 	 prakIrNAryabhAShAH/padya/tulasIdAsa/prakIrNa/kavitAvalI/01_bAlakANDa/
режрез рдордВрдЧрд▓рд╛рдЪрд░рдг 	 prakIrNAryabhAShAH/padya/tulasIdAsa/prakIrNa/jAnakI-mangala/01_maMgalAcharaNa/
режрез рд╢рдХреБрди-рд╡рд┐рдЪрд╛рд░рдХреА рд╡рд┐рдзрд┐ 	 prakIrNAryabhAShAH/padya/tulasIdAsa/prakIrNa/rAmAjnA-prashan/01_shakuna-vichArakI_vidhi/
режрез рд╢реНрд░реАрдЧрдгреЗрд╢-рд╕реНрддреБрддрд┐ 	 prakIrNAryabhAShAH/padya/tulasIdAsa/prakIrNa/vinaya-patrikA/01_shrIgaNesha-stuti/
01 р░╢р▒Нр░░р▒А р░╕р▒Вр░░р▒Нр░пр░ир░╛р░░р░╛р░пр░гр░╛! 	 telugu/padyam/vETUri-prabhAkara-shAstrI/01_shrI_sUryanArAyaNA/
режреи рдЕрдпреЛрдзреНрдпрд╛рдХрд╛рдгреНрдб 	 prakIrNAryabhAShAH/padya/sUradAsa/rAma-charitAvalI/02_ayodhyAkANDa/
режреи рдЕрдпреЛрдзреНрдпрд╛рдХрд╛рдгреНрдб 	 prakIrNAryabhAShAH/padya/tulasIdAsa/prakIrNa/kavitAvalI/02_ayodhyAkANDa/
режреи рдЕрд░рдгреН 	 tamiL/padyam/tiruk-kuraL/sarva-prastutiH/2_pOruTpAl_arthakANDaH/3_angaviyal/02_araN/
режреи рдХрд▓реНрд╡рд┐ 	 tamiL/padyam/tiruk-kuraL/sarva-prastutiH/2_pOruTpAl_arthakANDaH/1_arasiyal/02_kalvi/
режреи рдХреБрд▒рд┐рдкреНрдкрд▒рд┐рджрд▓реН 	 tamiL/padyam/tiruk-kuraL/sarva-prastutiH/3_kAmattuppAl_kAmakANDaH/1_kaLaviyal/02_ku.Rhippa.Rhidal/
режреи рдЭреВрд▓рдирд╛ 	 prakIrNAryabhAShAH/padya/tulasIdAsa/prakIrNa/hanumAn-bAhuka/02_jhUlanA/
режреи рджреВрд╕рд░реА рд╡рд┐рдзрд┐ 	 prakIrNAryabhAShAH/padya/tulasIdAsa/prakIrNa/rAmAjnA-prashan/02_dUsarI_vidhi/
режреи рдкрдбрд░реНрдореЖрд▓рд┐рдиреНрджрд┐рд░рдЩреНрдЧрд▓реН 	 tamiL/padyam/tiruk-kuraL/sarva-prastutiH/3_kAmattuppAl_kAmakANDaH/2_ka.Rhpiyal/02_paDarmElindirangal/
режреи рдкреБрд▓рд╛рдиреНрдорд▒реБрддреНрддрд▓реН 	 tamiL/padyam/tiruk-kuraL/sarva-prastutiH/1_a.RhattuppAl_dharmakANDaH/3_tu.Rhava.Rhaviyal/02_pulAnma.Rhuttal/
режреи рдмрд╛рд▓рдХрд╛рдгреНрдб 	 prakIrNAryabhAShAH/padya/tulasIdAsa/prakIrNa/baravai-rAmAyaNa/02_bAlakANDa/
режреи рдордВрдЧрд▓рд╛рдЪрд░рдг рдФрд░ рднрдЧрд╡рддреНрд╕реНрд╡рд░реВрдк-рд╡рд░реНрдгрди 	 prakIrNAryabhAShAH/padya/tulasIdAsa/prakIrNa/vairAgya-sandIpinI/02_maMgalAcharaNa_aura_bhagavatsvarUpa-varNana/
режреи рдорд╛рдирдореН 	 tamiL/padyam/tiruk-kuraL/sarva-prastutiH/2_pOruTpAl_arthakANDaH/4_O.Libiyal/02_mAnam/
режреи рдореВрд▓ 	 prakIrNAryabhAShAH/padya/sUradAsa/shrI-kRShNa-bAla-mAdhurI/02_mUla/
режреи рд░рд╛рдЧ-рд╕реВрдЪреА 	 prakIrNAryabhAShAH/padya/tulasIdAsa/prakIrNa/shrI-kRShNa-gItAvalI/02_rAga-sUchI/
режреи рд╡рд╛рдиреН-рд╕рд┐рд▒рдкреНрдкреБ рд╡рд░реНрд╖рд╛-рд╕рдореБрддреНрдХрд░реНрд╖рдГ 	 tamiL/padyam/tiruk-kuraL/sarva-prastutiH/1_a.RhattuppAl_dharmakANDaH/1_kaDavuL_vA.Lttu/02_vAnsi.Rhappu/
режреи рд╡рд╛рд┤реНрдХреНрдХреИрддреН рддреБрдгреИрдирд▓рдореН - рд╕рд╣рдзрд░реНрдордЪрд░реА-рдкреНрд░рднрд╛рд╡рдГ 	 tamiL/padyam/tiruk-kuraL/sarva-prastutiH/1_a.RhattuppAl_dharmakANDaH/2_illa.Rhaviyal/02_vA.Lkkait_tuNainalam/
режреи рд╡рд┐рд░рд╣-рдкрджрд╛рд╡рд▓реАрдХреЗ рдкрджреЛрдВрдХреА рдЕрдХрд╛рд░рд╛рджрд┐рд╕реВрдЪреА 	 prakIrNAryabhAShAH/padya/sUradAsa/viraha-padAvalI/02_viraha-padAvalIke_padoMkI_akArAdisUchI/
режреи рд╡рд┐рд╖рдп-рд╕реВрдЪреА 	 prakIrNAryabhAShAH/padya/sUradAsa/anurAga-padAvalI/02_viShaya-sUchI/
режреи рд╕реВрд░-рд╡рд┐рдирдп-рдкрддреНрд░рд┐рдХрд╛рдХреА рдкрдж-рд╕реВрдЪреА 	 prakIrNAryabhAShAH/padya/sUradAsa/vinaya-patrikA/02_sUra-vinaya-patrikAkI_pada-sUchI/
режреи рд╕реВрд░реНрдп-рд╕реНрддреБрддрд┐ 	 prakIrNAryabhAShAH/padya/tulasIdAsa/prakIrNa/vinaya-patrikA/02_sUrya-stuti/
режреи рд╕реКрд▓реНрд╡рдиреНрдореИ 	 tamiL/padyam/tiruk-kuraL/sarva-prastutiH/2_pOruTpAl_arthakANDaH/2_angaviyal/02_sOlvanmai/
режреи рд╕реНрд╡рдпрдВрд╡рд░рдХреА рддреИрдпрд╛рд░реА 	 prakIrNAryabhAShAH/padya/tulasIdAsa/prakIrNa/jAnakI-mangala/02_svayaMvarakI_taiyArI/
02 р░ор▒Зр░▓р▒Бр░Хр▒Кр░▓р▒Бр░кр▒Б 	 telugu/padyam/vETUri-prabhAkara-shAstrI/02_mElukolupu/
режрей рдЕрдпреЛрдзреНрдпрд╛рдХрд╛рдгреНрдб 	 prakIrNAryabhAShAH/padya/tulasIdAsa/prakIrNa/baravai-rAmAyaNa/03_ayodhyAkANDa/
режрей рдЕрд░рдгреНрдпрдХрд╛рдгреНрдб 	 prakIrNAryabhAShAH/padya/sUradAsa/rAma-charitAvalI/03_araNyakANDa/
режрей рдЕрд░рдгреНрдпрдХрд╛рдгреНрдб 	 prakIrNAryabhAShAH/padya/tulasIdAsa/prakIrNa/kavitAvalI/03_araNyakANDa/
режрей рдХрдгреНрд╡рд┐рджреБрдкреНрдкрд┤рд┐рджрд▓реН 	 tamiL/padyam/tiruk-kuraL/sarva-prastutiH/3_kAmattuppAl_kAmakANDaH/2_ka.Rhpiyal/03_kaNviduppa.Lidal/
режрей рдХрд▓реНрд▓рд╛рдореИ 	 tamiL/padyam/tiruk-kuraL/sarva-prastutiH/2_pOruTpAl_arthakANDaH/1_arasiyal/03_kallAmai/
режрей рдШрдирд╛рдХреНрд╖рд░реА 	 prakIrNAryabhAShAH/padya/tulasIdAsa/prakIrNa/hanumAn-bAhuka/03_ghanAxarI/
режрей рддрд╡рдореН 	 tamiL/padyam/tiruk-kuraL/sarva-prastutiH/1_a.RhattuppAl_dharmakANDaH/3_tu.Rhava.Rhaviyal/03_tavam/
режрей рдирд┐рд╡реЗрджрди 	 prakIrNAryabhAShAH/padya/tulasIdAsa/prakIrNa/shrI-kRShNa-gItAvalI/03_nivedana/
режрей рдиреАрддреНрддрд╛рд░реН рдкреЖрд░реБрдореИ - рддрд┐рд░рд╕реНрдХрд░реНрддреГ-рдЧрд░рд┐рдорд╛ 	 tamiL/padyam/tiruk-kuraL/sarva-prastutiH/1_a.RhattuppAl_dharmakANDaH/1_kaDavuL_vA.Lttu/03_nIttAr_pErumai/
режрей рдкрд░рд┐рд╢рд┐рд╖реНрдЯ 	 prakIrNAryabhAShAH/padya/sUradAsa/shrI-kRShNa-bAla-mAdhurI/03_parishiShTa/
режрей рдкреБрдгрд░реНрдЪреНрдЪрд┐рдордЧрд┐рд┤реНрджрд▓реН 	 tamiL/padyam/tiruk-kuraL/sarva-prastutiH/3_kAmattuppAl_kAmakANDaH/1_kaLaviyal/03_puNarchchimagi.Ldal/
режрей рдкреБрджрд▓реНрд╡рд░реИрдкреН рдкреЖрд▒реБрджрд▓реН - рд╕рдиреНрддрд╛рди-рдкреНрд░рд╛рдкреНрддрд┐рдГ 	 tamiL/padyam/tiruk-kuraL/sarva-prastutiH/1_a.RhattuppAl_dharmakANDaH/2_illa.Rhaviyal/03_pudalvaraip_pE.Rhudal/
режрей рдкреЖрд░реБрдореИ 	 tamiL/padyam/tiruk-kuraL/sarva-prastutiH/2_pOruTpAl_arthakANDaH/4_O.Libiyal/03_pErumai/
режрей рдкреКрд░реБрд│реНрд╕реЖрдпрд▓реНрд╡рдЧреИ 	 tamiL/padyam/tiruk-kuraL/sarva-prastutiH/2_pOruTpAl_arthakANDaH/3_angaviyal/03_pOruLsEyalvagai/
режрей рдкреНрд░рдердо рд╕рд░реНрдЧ 	 prakIrNAryabhAShAH/padya/tulasIdAsa/prakIrNa/rAmAjnA-prashan/03_prathama_sarga/
режрей рдореВрд▓ 	 prakIrNAryabhAShAH/padya/sUradAsa/anurAga-padAvalI/03_mUla/
режрей рдореВрд▓ 	 prakIrNAryabhAShAH/padya/sUradAsa/vinaya-patrikA/03_mUla/
режрей рд╡рд┐рдиреИрддреНрддреВрдпреНрдореИ 	 tamiL/padyam/tiruk-kuraL/sarva-prastutiH/2_pOruTpAl_arthakANDaH/2_angaviyal/03_vinaittUymai/
режрей рд╡рд┐рд░рд╣-рдкрджрд╛рд╡рд▓реА 	 prakIrNAryabhAShAH/padya/sUradAsa/viraha-padAvalI/03_viraha-padAvalI/
режрей рд╡рд┐рд╢реНрд╡рд╛рдорд┐рддреНрд░рдЬреАрдХреА рд░рд╛рдо-рднрд┐рдХреНрд╖рд╛ 	 prakIrNAryabhAShAH/padya/tulasIdAsa/prakIrNa/jAnakI-mangala/03_vishvAmitrajIkI_rAma-bhixA/
режрей рд╢рд┐рд╡-рд╕реНрддреБрддрд┐ 	 prakIrNAryabhAShAH/padya/tulasIdAsa/prakIrNa/vinaya-patrikA/03_shiva-stuti/
режрей рд╕рдВрдд-рд╕реНрд╡рднрд╛рд╡-рд╡рд░реНрдгрди 	 prakIrNAryabhAShAH/padya/tulasIdAsa/prakIrNa/vairAgya-sandIpinI/03_saMta-svabhAva-varNana/
03 р░Йр░Чр▒Нр░Чр▒Б 	 telugu/padyam/vETUri-prabhAkara-shAstrI/03_uggu/
режрек рдЕрдиреНрдмреБрдбреИрдореИ - рдкреНрд░реЗрдорднрд╛рд╡рдГ 	 tamiL/padyam/tiruk-kuraL/sarva-prastutiH/1_a.RhattuppAl_dharmakANDaH/2_illa.Rhaviyal/04_anbuDaimai/
режрек рдЕрд▒рдиреНрд╡рд▓рд┐рдпреБрд▒реБрддреНрддрд▓реН - рдзрд░реНрдо-рдорд╣рд┐рдо-рд╕рдорд░реНрдердирдореН 	 tamiL/padyam/tiruk-kuraL/sarva-prastutiH/1_a.RhattuppAl_dharmakANDaH/1_kaDavuL_vA.Lttu/04_a.Rhanvaliyu.Rhuttal/
режрек рдХрд┐рд╖реНрдХрд┐рдиреНрдзрд╛рдХрд╛рдгреНрдб 	 prakIrNAryabhAShAH/padya/sUradAsa/rAma-charitAvalI/04_kiShkindhAkANDa/
режрек рдХрд┐рд╖реНрдХрд┐рдиреНрдзрд╛рдХрд╛рдгреНрдб 	 prakIrNAryabhAShAH/padya/tulasIdAsa/prakIrNa/baravai-rAmAyaNa/04_kiShkindhAkANDa/
режрек рдХрд┐рд╖реНрдХрд┐рдиреНрдзрд╛рдХрд╛рдгреНрдб 	 prakIrNAryabhAShAH/padya/tulasIdAsa/prakIrNa/kavitAvalI/04_kiShkindhAkANDa/
режрек рдХреВрдбрд╛рд╡реКрд┤реБрдХреНрдХрдореН 	 tamiL/padyam/tiruk-kuraL/sarva-prastutiH/1_a.RhattuppAl_dharmakANDaH/3_tu.Rhava.Rhaviyal/04_kUDAvO.Lukkam/
режрек рдХреЗрд│реНрд╡рд┐ 	 tamiL/padyam/tiruk-kuraL/sarva-prastutiH/2_pOruTpAl_arthakANDaH/1_arasiyal/04_keLvi/
режрек рдЧреЛрдкрд┐рдХрд╛рдУрдВрдХреА рдЙрджреНрд╡рд┐рдЧреНрдирддрд╛ 	 prakIrNAryabhAShAH/padya/sUradAsa/viraha-padAvalI/04_gopikAoMkI_udvignatA/
режрек рджреЗрд╡реА-рд╕реНрддреБрддрд┐ 	 prakIrNAryabhAShAH/padya/tulasIdAsa/prakIrNa/vinaya-patrikA/04_devI-stuti/
режрек рджреНрд╡рд┐рддреАрдп рд╕рд░реНрдЧ 	 prakIrNAryabhAShAH/padya/tulasIdAsa/prakIrNa/rAmAjnA-prashan/04_dvitIya_sarga/
режрек рдирд▓рдореНрдмреБрдиреИрдиреНрджреБрд░реИрддреНрддрд▓реН 	 tamiL/padyam/tiruk-kuraL/sarva-prastutiH/3_kAmattuppAl_kAmakANDaH/1_kaLaviyal/04_nalambunainduraittal/
режрек рдкрдбреИрдорд╛рдЯреНрдЪрд┐ 	 tamiL/padyam/tiruk-kuraL/sarva-prastutiH/2_pOruTpAl_arthakANDaH/3_angaviyal/04_paDaimATchi/
режрек рдкрд░рд┐рд╢рд┐рд╖реНрдЯ 	 prakIrNAryabhAShAH/padya/sUradAsa/vinaya-patrikA/04_parishiShTa/
режрек рдкрд╕рдкреНрдкреБрд▒реБрдмрд░реБрд╡рд░рд▓реН 	 tamiL/padyam/tiruk-kuraL/sarva-prastutiH/3_kAmattuppAl_kAmakANDaH/2_ka.Rhpiyal/04_pasappu.Rhubaruvaral/
режрек рдмрд╛рд▓-рд▓реАрд▓рд╛ 	 prakIrNAryabhAShAH/padya/tulasIdAsa/prakIrNa/shrI-kRShNa-gItAvalI/04_bAla-lIlA/
режрек рд╡рд┐рдиреИрддреНрддрд┐рдЯреНрдкрдореН 	 tamiL/padyam/tiruk-kuraL/sarva-prastutiH/2_pOruTpAl_arthakANDaH/2_angaviyal/04_vinaittiTpam/
режрек рд╡рд┐рд╢реНрд╡рд╛рдорд┐рддреНрд░рдЬреАрдХрд╛ рд╕реНрд╡рдпрдВрд╡рд░рдХреЗ рд▓рд┐рдпреЗ рдкреНрд░рд╕реНрдерд╛рди 	 prakIrNAryabhAShAH/padya/tulasIdAsa/prakIrNa/jAnakI-mangala/04_vishvAmitrajIkA_svayaMvarake_liye_prasthAna/
режрек рд╢рд╛рдиреНрддрд┐-рд╡рд░реНрдгрди 	 prakIrNAryabhAShAH/padya/tulasIdAsa/prakIrNa/vairAgya-sandIpinI/04_shAnti-varNana/
режрек рд╕рд╡реИрдпрд╛ 	 prakIrNAryabhAShAH/padya/tulasIdAsa/prakIrNa/hanumAn-bAhuka/04_savaiyA/
режрек рд╕рд╛рдгреНрдбреНрд░рд╛рдгреНрдореИ 	 tamiL/padyam/tiruk-kuraL/sarva-prastutiH/2_pOruTpAl_arthakANDaH/4_O.Libiyal/04_sANDrANmai/
04 р░Ьр▒Ар░░р▒Нр░гр░В р░Ьр▒Ар░░р▒Нр░гр░В р░╡р░╛р░др░╛р░кр░┐ р░Ьр▒Ар░░р▒Нр░гр░В! 	 telugu/padyam/vETUri-prabhAkara-shAstrI/04_jIrNaM_jIrNaM_vAtApi_jIrNaM/
режрел рдЕрд▒рд┐рд╡реБрдбреИрдореИ 	 tamiL/padyam/tiruk-kuraL/sarva-prastutiH/2_pOruTpAl_arthakANDaH/1_arasiyal/05_a.RhivuDaimai/
режрел рдХрд│реНрд│рд╛рдореИ 	 tamiL/padyam/tiruk-kuraL/sarva-prastutiH/1_a.RhattuppAl_dharmakANDaH/3_tu.Rhava.Rhaviyal/05_kaLLAmai/
режрел рдХрд╛рджрд▒реНтАМрдЪрд┐рд▒рдкреНрдкреБрд░реИрддреНрддрд▓реН 	 tamiL/padyam/tiruk-kuraL/sarva-prastutiH/3_kAmattuppAl_kAmakANDaH/1_kaLaviyal/05_kAda.Rhchi.Rhappuraittal/
режрел рдЧрдВрдЧрд╛-рд╕реНрддреБрддрд┐ 	 prakIrNAryabhAShAH/padya/tulasIdAsa/prakIrNa/vinaya-patrikA/05_gaMgA-stuti/
режрел рдЧреЛрдкреА-рдЙрдкрд╛рд▓рдореНрдн 	 prakIrNAryabhAShAH/padya/tulasIdAsa/prakIrNa/shrI-kRShNa-gItAvalI/05_gopI-upAlambha/
режрел рдШрдирд╛рдХреНрд╖рд░реА 	 prakIrNAryabhAShAH/padya/tulasIdAsa/prakIrNa/hanumAn-bAhuka/05_ghanAxarI/
режрел рддрдирд┐рдкреНрдкрдбрд░реНрдорд┐рдЧреБрджрд┐ 	 tamiL/padyam/tiruk-kuraL/sarva-prastutiH/3_kAmattuppAl_kAmakANDaH/2_ka.Rhpiyal/05_tanippaDarmigudi/
режрел рддреГрддреАрдп рд╕рд░реНрдЧ 	 prakIrNAryabhAShAH/padya/tulasIdAsa/prakIrNa/rAmAjnA-prashan/05_tRtIya_sarga/
режрел рдкрдбреИрдЪреНрдЪреЖрд░реБрдХреНрдХреБ 	 tamiL/padyam/tiruk-kuraL/sarva-prastutiH/2_pOruTpAl_arthakANDaH/3_angaviyal/05_paDaichchErukku/
режрел рдкрдгреНрдмреБрдбреИрдореИ 	 tamiL/padyam/tiruk-kuraL/sarva-prastutiH/2_pOruTpAl_arthakANDaH/4_O.Libiyal/05_paNbuDaimai/
режрел рдпрд╢реЛрджрд╛-рд╡рдЪрди рд╢реНрд░реАрдХреГрд╖реНрдгрдХреЗ рдкреНрд░рддрд┐ 	 prakIrNAryabhAShAH/padya/sUradAsa/viraha-padAvalI/05_yashodA-vachana_shrIkRShNake_prati/
режрел рд░рдВрдЧрднреВрдорд┐рдореЗрдВ рд░рд╛рдо 	 prakIrNAryabhAShAH/padya/tulasIdAsa/prakIrNa/jAnakI-mangala/05_raMgabhUmimeM_rAma/
режрел рд╡рд┐рдиреИрд╕реЖрдпрд▓реНрд╡рдЧреИ 	 tamiL/padyam/tiruk-kuraL/sarva-prastutiH/2_pOruTpAl_arthakANDaH/2_angaviyal/05_vinaisEyalvagai/
режрел рд╡рд┐рд░реБрдиреНрджреЛрдореНрдмрд▓реН - рдЕрддрд┐рдерд┐рд╕рддреНрдХрд╛рд░рдГ 	 tamiL/padyam/tiruk-kuraL/sarva-prastutiH/1_a.RhattuppAl_dharmakANDaH/2_illa.Rhaviyal/05_virundombal/
режрел рд╕реБрдиреНрджрд░рдХрд╛рдгреНрдб 	 prakIrNAryabhAShAH/padya/sUradAsa/rAma-charitAvalI/05_sundarakANDa/
режрел рд╕реБрдиреНрджрд░рдХрд╛рдгреНрдб 	 prakIrNAryabhAShAH/padya/tulasIdAsa/prakIrNa/baravai-rAmAyaNa/05_sundarakANDa/
режрел рд╕реБрдиреНрджрд░рдХрд╛рдгреНрдб 	 prakIrNAryabhAShAH/padya/tulasIdAsa/prakIrNa/kavitAvalI/05_sundarakANDa/
05 р░Ър░▓р░┐р░Хр░Вр░ар░ор▒Б 	 telugu/padyam/vETUri-prabhAkara-shAstrI/05_chalikaMThamu/
режрем рдЗрдирд┐рдпрд╡реИрдЧреВрд▒рд▓реН - рдордзреБрд░-рднрд╛рд╖рдгрдореН 	 tamiL/padyam/tiruk-kuraL/sarva-prastutiH/1_a.RhattuppAl_dharmakANDaH/2_illa.Rhaviyal/06_iniyavaigU.Rhal/
режрем рдЙрд▓реВрдЦрд▓-рдмрдиреНрдзрди 	 prakIrNAryabhAShAH/padya/tulasIdAsa/prakIrNa/shrI-kRShNa-gItAvalI/06_ulUkhala-bandhana/
режрем рдХреБрд▒реНрд▒рдЩреНрдЧрдбрд┐рджрд▓реН 	 tamiL/padyam/tiruk-kuraL/sarva-prastutiH/2_pOruTpAl_arthakANDaH/1_arasiyal/06_kuTrangaDidal/
режрем рдЧреЛрдкрд┐рдХрд╛-рд╡рдЪрди рдкрд░рд╕реНрдкрд░ 	 prakIrNAryabhAShAH/padya/sUradAsa/viraha-padAvalI/06_gopikA-vachana_paraspara/
режрем рдЪрддреБрд░реНрде рд╕рд░реНрдЧ 	 prakIrNAryabhAShAH/padya/tulasIdAsa/prakIrNa/rAmAjnA-prashan/06_chaturtha_sarga/
режрем рддреВрджреБ 	 tamiL/padyam/tiruk-kuraL/sarva-prastutiH/2_pOruTpAl_arthakANDaH/2_angaviyal/06_tUdu/
режрем рдзрдиреБрд░реНрднрдВрдЧ 	 prakIrNAryabhAShAH/padya/tulasIdAsa/prakIrNa/jAnakI-mangala/06_dhanurbhaMga/
режрем рдирдгреНрдбреНрд░рд┐рдпрд┐рд▓реНрд╕реЖрд▓реНрд╡рдореН 	 tamiL/padyam/tiruk-kuraL/sarva-prastutiH/2_pOruTpAl_arthakANDaH/4_O.Libiyal/06_naNDriyilsElvam/
режрем рдирд╛рдгреБрддреНрддреБрд▒рд╡реБрд░реИрддреНрддрд▓реН 	 tamiL/padyam/tiruk-kuraL/sarva-prastutiH/3_kAmattuppAl_kAmakANDaH/1_kaLaviyal/06_nANuttu.Rhavuraittal/
режрем рдирд┐рдиреИрдиреНрджрд╡рд░реНрдмреБрд▓рдореНрдмрд▓реН 	 tamiL/padyam/tiruk-kuraL/sarva-prastutiH/3_kAmattuppAl_kAmakANDaH/2_ka.Rhpiyal/06_ninaindavarbulambal/
режрем рдпрдореБрдирд╛-рд╕реНрддреБрддрд┐ 	 prakIrNAryabhAShAH/padya/tulasIdAsa/prakIrNa/vinaya-patrikA/06_yamunA-stuti/
режрем рд▓рдВрдХрд╛рдХрд╛рдгреНрдб 	 prakIrNAryabhAShAH/padya/sUradAsa/rAma-charitAvalI/06_laMkAkANDa/
режрем рд▓рдВрдХрд╛рдХрд╛рдгреНрдб 	 prakIrNAryabhAShAH/padya/tulasIdAsa/prakIrNa/baravai-rAmAyaNa/06_laMkAkANDa/
режрем рд▓рдВрдХрд╛рдХрд╛рдгреНрдб 	 prakIrNAryabhAShAH/padya/tulasIdAsa/prakIrNa/kavitAvalI/06_laMkAkANDa/
режрем рд╡рд╛рдпреНрдореИ 	 tamiL/padyam/tiruk-kuraL/sarva-prastutiH/1_a.RhattuppAl_dharmakANDaH/3_tu.Rhava.Rhaviyal/06_vAymai/
режрем рд╕рд╡реИрдпрд╛ 	 prakIrNAryabhAShAH/padya/tulasIdAsa/prakIrNa/hanumAn-bAhuka/06_savaiyA/
06 р░Хр░▓р▒Бр░╡р░░р▒Зр░Хр▒Бр░▓ р░Хр░│р▒Нр░│р▒Б 	 telugu/padyam/vETUri-prabhAkara-shAstrI/06_kaluvarEkula_kaLLu/
режрен рдЕрд▓рд░рд▒рд┐рд╡реБрд▒реБрддреНрддрд▓реН 	 tamiL/padyam/tiruk-kuraL/sarva-prastutiH/3_kAmattuppAl_kAmakANDaH/1_kaLaviyal/07_alara.Rhivu.Rhuttal/
режрен рдЗрдиреНрджреНрд░рдХреЛрдктАФрдЧреЛрд╡рд░реНрдзрди-рдзрд╛рд░рдг 	 prakIrNAryabhAShAH/padya/tulasIdAsa/prakIrNa/shrI-kRShNa-gItAvalI/07_indrakopagovardhana-dhAraNa/
режрен рдЙрддреНрддрд░рдХрд╛рдгреНрдб 	 prakIrNAryabhAShAH/padya/tulasIdAsa/prakIrNa/baravai-rAmAyaNa/07_uttarakANDa/
режрен рдЙрддреНрддрд░рдХрд╛рдгреНрдб 	 prakIrNAryabhAShAH/padya/tulasIdAsa/prakIrNa/kavitAvalI/07_uttarakANDa/
режрен рдХрдирд╡реБрдирд┐рд▓реИрдпреБрд░реИрддреНрддрд▓реН 	 tamiL/padyam/tiruk-kuraL/sarva-prastutiH/3_kAmattuppAl_kAmakANDaH/2_ka.Rhpiyal/07_kanavunilaiyuraittal/
режрен рдХрд╛рд╢реА-рд╕реНрддреБрддрд┐ 	 prakIrNAryabhAShAH/padya/tulasIdAsa/prakIrNa/vinaya-patrikA/07_kAshI-stuti/
режрен рдШрдирд╛рдХреНрд╖рд░реА 	 prakIrNAryabhAShAH/padya/tulasIdAsa/prakIrNa/hanumAn-bAhuka/07_ghanAxarI/
режрен рдирдЯреНрдкрд╛рд░рд╛рдпреНрджрд▓реН 	 tamiL/padyam/tiruk-kuraL/sarva-prastutiH/2_pOruTpAl_arthakANDaH/3_angaviyal/07_naTpArAydal/
режрен рдирд╛рдгреБрдбреИрдореИ 	 tamiL/padyam/tiruk-kuraL/sarva-prastutiH/2_pOruTpAl_arthakANDaH/4_O.Libiyal/07_nANuDaimai/
режрен рдкрдВрдЪрдо рд╕рд░реНрдЧ 	 prakIrNAryabhAShAH/padya/tulasIdAsa/prakIrNa/rAmAjnA-prashan/07_paMchama_sarga/
режрен рдкрд░рд┐рд╢рд┐рд╖реНрдЯ 	 prakIrNAryabhAShAH/padya/sUradAsa/rAma-charitAvalI/07_parishiShTa/
режрен рдкреЖрд░рд┐рдпрд╛рд░реИрддреН рддреБрдгреИрдХреНрдХреЛрдбрд▓реН 	 tamiL/padyam/tiruk-kuraL/sarva-prastutiH/2_pOruTpAl_arthakANDaH/1_arasiyal/07_pEriyArait_tuNaikkoDal/
режрен рдордиреНрдирд░реИрдЪреН рдЪреЗрд░реНрдиреНрджреКрд┤реБрджрд▓реН 	 tamiL/padyam/tiruk-kuraL/sarva-prastutiH/2_pOruTpAl_arthakANDaH/2_angaviyal/07_mannaraich_cherndO.Ludal/
режрен рдпрд╢реЛрджрд╛-рд╡рд┐рд▓рд╛рдк 	 prakIrNAryabhAShAH/padya/sUradAsa/viraha-padAvalI/07_yashodA-vilApa/
режрен рд╡рд┐рд╡рд╛рд╣рдХреА рддреИрдпрд╛рд░реА 	 prakIrNAryabhAShAH/padya/tulasIdAsa/prakIrNa/jAnakI-mangala/07_vivAhakI_taiyArI/
режрен рд╡реЖрдЧреБрд│рд╛рдореИ 	 tamiL/padyam/tiruk-kuraL/sarva-prastutiH/1_a.RhattuppAl_dharmakANDaH/3_tu.Rhava.Rhaviyal/07_vEguLAmai/
режрен рд╕реЖрдпреНрдиреНрдирдгреНрдбреНрд░рд┐ рдЕрд▒рд┐рджрд▓реН 	 tamiL/padyam/tiruk-kuraL/sarva-prastutiH/1_a.RhattuppAl_dharmakANDaH/2_illa.Rhaviyal/07_sEynnaNDri_a.Rhidal/
07 р░Хр░ир▒Нр░ир░мр░┐р░бр▒Нр░бр░▓р▒Б 	 telugu/padyam/vETUri-prabhAkara-shAstrI/07_kannabiDDalu/
режрео рдЗрдиреНрдирд╛рд╕реЖрдпреНрдпрд╛рдореИ 	 tamiL/padyam/tiruk-kuraL/sarva-prastutiH/1_a.RhattuppAl_dharmakANDaH/3_tu.Rhava.Rhaviyal/08_innAsEyyAmai/
режрео рдХреБрдбрд┐рд╕реЖрдпрд▓реНрд╡рдЧреИ 	 tamiL/padyam/tiruk-kuraL/sarva-prastutiH/2_pOruTpAl_arthakANDaH/4_O.Libiyal/08_kuDisEyalvagai/
режрео рдХреБрд▒рд┐рдкреНрдкрд▒рд┐рджрд▓реН 	 tamiL/padyam/tiruk-kuraL/sarva-prastutiH/2_pOruTpAl_arthakANDaH/2_angaviyal/08_ku.Rhippa.Rhidal/
режрео рдЧреЛрдЪрд╛рд░рдг рдЕрдерд╡рд╛ рдЫрд╛рдХ-рд▓реАрд▓рд╛ 	 prakIrNAryabhAShAH/padya/tulasIdAsa/prakIrNa/shrI-kRShNa-gItAvalI/08_gochAraNa_athavA_ChAka-lIlA/
режрео рдЪрд┐рддреНрд░рдХреВрдЯ-рд╕реНрддреБрддрд┐ 	 prakIrNAryabhAShAH/padya/tulasIdAsa/prakIrNa/vinaya-patrikA/08_chitrakUTa-stuti/
режрео рдирдбреБрд╡реБ рдирд┐рд▓реИрдореИ 	 tamiL/padyam/tiruk-kuraL/sarva-prastutiH/1_a.RhattuppAl_dharmakANDaH/2_illa.Rhaviyal/08_naDuvu_nilaimai/
режрео рдирдиреНрдж-рд╡реНрд░рдЬрд╛рдЧрдорди 	 prakIrNAryabhAShAH/padya/sUradAsa/viraha-padAvalI/08_nanda-vrajAgamana/
режрео рдкрд┤реИрдореИ 	 tamiL/padyam/tiruk-kuraL/sarva-prastutiH/2_pOruTpAl_arthakANDaH/3_angaviyal/08_pa.Laimai/
режрео рдкреКрд┤реБрджреБрдЧрдгреНрдбрд┐рд░рдЩреНрдЧрд▓реН 	 tamiL/padyam/tiruk-kuraL/sarva-prastutiH/3_kAmattuppAl_kAmakANDaH/2_ka.Rhpiyal/08_pO.LudugaNDirangal/
режрео рд░рд╛рдо-рд╡рд┐рд╡рд╛рд╣ 	 prakIrNAryabhAShAH/padya/tulasIdAsa/prakIrNa/jAnakI-mangala/08_rAma-vivAha/
режрео рд╖рд╖реНрда рд╕рд░реНрдЧ 	 prakIrNAryabhAShAH/padya/tulasIdAsa/prakIrNa/rAmAjnA-prashan/08_ShaShTha_sarga/
режрео рд╕рд┐рд▒реНрд▒рд┐рдирдЮреНрдЬреЗрд░рд╛рдореИ 	 tamiL/padyam/tiruk-kuraL/sarva-prastutiH/2_pOruTpAl_arthakANDaH/1_arasiyal/08_siTrinanjerAmai/
08 р░жр▒Лр░╕р░кр░│р▒Нр░│р▒Б 	 telugu/padyam/vETUri-prabhAkara-shAstrI/08_dOsapaLLu/
режреп рдЕрдбрдХреНрдХрдореБрдбреИрдореИ 	 tamiL/padyam/tiruk-kuraL/sarva-prastutiH/1_a.RhattuppAl_dharmakANDaH/2_illa.Rhaviyal/09_aDakkamuDaimai/
режреп рдЕрд╡реИрдпрд▒рд┐рджрд▓реН 	 tamiL/padyam/tiruk-kuraL/sarva-prastutiH/2_pOruTpAl_arthakANDaH/2_angaviyal/09_avaiya.Rhidal/
режреп рдЙрд┤рд╡реБ 	 tamiL/padyam/tiruk-kuraL/sarva-prastutiH/2_pOruTpAl_arthakANDaH/4_O.Libiyal/09_u.Lavu/
режреп рдХреКрд▓реНрд▓рд╛рдореИ 	 tamiL/padyam/tiruk-kuraL/sarva-prastutiH/1_a.RhattuppAl_dharmakANDaH/3_tu.Rhava.Rhaviyal/09_kOllAmai/
режреп рддреА рдирдЯреНрдкреБ 	 tamiL/padyam/tiruk-kuraL/sarva-prastutiH/2_pOruTpAl_arthakANDaH/3_angaviyal/09_tI_naTpu/
режреп рддреЖрд░рд┐рдиреНрджреБрд╕реЖрдпрд▓реНрд╡рдЧреИ 	 tamiL/padyam/tiruk-kuraL/sarva-prastutiH/2_pOruTpAl_arthakANDaH/1_arasiyal/09_tErindusEyalvagai/
режреп рдмрд░рд╛рддрдХреА рд╡рд┐рджрд╛рдИ 	 prakIrNAryabhAShAH/padya/tulasIdAsa/prakIrNa/jAnakI-mangala/09_barAtakI_vidAI/
режреп рдпрдореБрдирд╛рддрдЯрдкрд░ рд╡рдВрд╢реАрд╡рд╛рджрди 	 prakIrNAryabhAShAH/padya/tulasIdAsa/prakIrNa/shrI-kRShNa-gItAvalI/09_yamunAtaTapara_vaMshIvAdana/
режреп рдпрд╢реЛрджрд╛-рд╡рд┐рд▓рд╛рдк 	 prakIrNAryabhAShAH/padya/sUradAsa/viraha-padAvalI/09_yashodA-vilApa/
режреп рд╕рдкреНрддрдо рд╕рд░реНрдЧ 	 prakIrNAryabhAShAH/padya/tulasIdAsa/prakIrNa/rAmAjnA-prashan/09_saptama_sarga/
режреп рд╣рдиреБрдорддреН-рд╕реНрддреБрддрд┐ 	 prakIrNAryabhAShAH/padya/tulasIdAsa/prakIrNa/vinaya-patrikA/09_hanumat-stuti/
09 р░╢р▒Нр░░р▒Ар░░р░╛р░ор▒Бр░▓р░╡р░╛р░░р▒Б 	 telugu/padyam/vETUri-prabhAkara-shAstrI/09_shrIrAmulavAru/
1 	 latina/prosa/De_bello_gallico/1/
рез 	 prakIrNAryabhAShAH/padya/rashmirathI/1/
резреж рдЕрдпреЛрдзреНрдпрд╛рдореЗрдВ рдЖрдирдиреНрдж 	 prakIrNAryabhAShAH/padya/tulasIdAsa/prakIrNa/jAnakI-mangala/10_ayodhyAmeM_Ananda/
резреж рдЕрд╡реИрдпрдЮреНрдЬрд╛рдореИ 	 tamiL/padyam/tiruk-kuraL/sarva-prastutiH/2_pOruTpAl_arthakANDaH/2_angaviyal/10_avaiyanjAmai/
резреж рдТрд┤реБрдХреНрдХрдореБрдбреИрдореИ 	 tamiL/padyam/tiruk-kuraL/sarva-prastutiH/1_a.RhattuppAl_dharmakANDaH/2_illa.Rhaviyal/10_O.LukkamuDaimai/
резреж рдХреВрдбрд╛рдирдЯреНрдкреБ 	 tamiL/padyam/tiruk-kuraL/sarva-prastutiH/2_pOruTpAl_arthakANDaH/3_angaviyal/10_kUDAnaTpu/
резреж рдирд▓реНрдЧреБрд░рд╡реБ 	 tamiL/padyam/tiruk-kuraL/sarva-prastutiH/2_pOruTpAl_arthakANDaH/4_O.Libiyal/10_nalguravu/
резреж рдирд┐рд▓реИрдпрд╛рдореИ 	 tamiL/padyam/tiruk-kuraL/sarva-prastutiH/1_a.RhattuppAl_dharmakANDaH/3_tu.Rhava.Rhaviyal/10_nilaiyAmai/
резреж рдиреЖрдЮреНрдЬреКрдбреБрдЧрд┐рд│рддреНрддрд▓реН 	 tamiL/padyam/tiruk-kuraL/sarva-prastutiH/3_kAmattuppAl_kAmakANDaH/2_ka.Rhpiyal/10_nEnjODugiLattal/
резреж рд▓рдХреНрд╖реНрдордг-рд╕реНрддреБрддрд┐ 	 prakIrNAryabhAShAH/padya/tulasIdAsa/prakIrNa/vinaya-patrikA/10_laxmaNa-stuti/
резреж рд╡рд▓рд┐рдпрд▒рд┐рджрд▓реН 	 tamiL/padyam/tiruk-kuraL/sarva-prastutiH/2_pOruTpAl_arthakANDaH/1_arasiyal/10_valiya.Rhidal/
резреж рд╡реНрд░рдЬрд╡рд╛рд╕реА-рд╡рдЪрди 	 prakIrNAryabhAShAH/padya/sUradAsa/viraha-padAvalI/10_vrajavAsI-vachana/
резреж рд╢реЛрднрд╛-рд╡рд░реНрдгрди 	 prakIrNAryabhAShAH/padya/tulasIdAsa/prakIrNa/shrI-kRShNa-gItAvalI/10_shobhA-varNana/
10 р░Ър░жр▒Бр░╡р▒Бр░╕р░Вр░жр▒Жр░▓р▒Б 	 telugu/padyam/vETUri-prabhAkara-shAstrI/10_chaduvusaMdelu/
резрез рдЗрд░рд╡реБ 	 tamiL/padyam/tiruk-kuraL/sarva-prastutiH/2_pOruTpAl_arthakANDaH/4_O.Libiyal/11_iravu/
резрез рдХрд╛рд▓рдорд▒рд┐рджрд▓реН 	 tamiL/padyam/tiruk-kuraL/sarva-prastutiH/2_pOruTpAl_arthakANDaH/1_arasiyal/11_kAlama.Rhidal/
резрез рдЧреЛрдкреА-рд╡рд┐рд░рд╣ 	 prakIrNAryabhAShAH/padya/tulasIdAsa/prakIrNa/shrI-kRShNa-gItAvalI/11_gopI-viraha/
резрез рддреБрд▒рд╡реБ 	 tamiL/padyam/tiruk-kuraL/sarva-prastutiH/1_a.RhattuppAl_dharmakANDaH/3_tu.Rhava.Rhaviyal/11_tu.Rhavu/
резрез рдирд┐рд▒реИрдпрд┤рд┐рджрд▓реН 	 tamiL/padyam/tiruk-kuraL/sarva-prastutiH/3_kAmattuppAl_kAmakANDaH/2_ka.Rhpiyal/11_ni.Rhaiya.Lidal/
резрез рдкрд┐рд▒рдирд┐рд▓реН рд╡рд┐рд┤реИрдпрд╛рдореИ 	 tamiL/padyam/tiruk-kuraL/sarva-prastutiH/1_a.RhattuppAl_dharmakANDaH/2_illa.Rhaviyal/11_pi.Rhanil_vi.LaiyAmai/
резрез рдкреЗрджреИрдореИ 	 tamiL/padyam/tiruk-kuraL/sarva-prastutiH/2_pOruTpAl_arthakANDaH/3_angaviyal/11_pedaimai/
резрез рднрд░рдд-рд╕реНрддреБрддрд┐ 	 prakIrNAryabhAShAH/padya/tulasIdAsa/prakIrNa/vinaya-patrikA/11_bharata-stuti/
резрез рд╡реНрд░рдЬ-рджрд╢рд╛ 	 prakIrNAryabhAShAH/padya/sUradAsa/viraha-padAvalI/11_vraja-dashA/
11 р░ор░Вр░Ър░┐р░ор░╛р░Яр░▓р▒Б 	 telugu/padyam/vETUri-prabhAkara-shAstrI/11_maMchimATalu/
резреи рдЕрд╡рд░реНрд╡рдпрд┐рдиреНрд╡рд┐рджреБрдореНрдмрд▓реН 	 tamiL/padyam/tiruk-kuraL/sarva-prastutiH/3_kAmattuppAl_kAmakANDaH/2_ka.Rhpiyal/12_avarvayinvidumbal/
резреи рдЗрдбрдирд▒рд┐рджрд▓реН 	 tamiL/padyam/tiruk-kuraL/sarva-prastutiH/2_pOruTpAl_arthakANDaH/1_arasiyal/12_iDana.Rhidal/
резреи рдЗрд░рд╡рдЪреНрдЪрдореН 	 tamiL/padyam/tiruk-kuraL/sarva-prastutiH/2_pOruTpAl_arthakANDaH/4_O.Libiyal/12_iravachcham/
резреи рдкрд░рд╕реНрдкрд░ рдирдиреНрдж-рдпрд╢реЛрджрд╛-рд╡рдЪрди 	 prakIrNAryabhAShAH/padya/sUradAsa/viraha-padAvalI/12_paraspara_nanda-yashodA-vachana/
резреи рдкреБрд▓реНрд▓рд▒рд┐рд╡рд╛рдгреНрдореИ 	 tamiL/padyam/tiruk-kuraL/sarva-prastutiH/2_pOruTpAl_arthakANDaH/3_angaviyal/12_pulla.RhivANmai/
резреи рдкреКрд▒реИрдпреБрдбреИрдореИ 	 tamiL/padyam/tiruk-kuraL/sarva-prastutiH/1_a.RhattuppAl_dharmakANDaH/2_illa.Rhaviyal/12_pO.RhaiyuDaimai/
резреи рднрдХреНрдд-рдорд░реНрдпрд╛рджрд╛-рд░рдХреНрд╖рдг 	 prakIrNAryabhAShAH/padya/tulasIdAsa/prakIrNa/shrI-kRShNa-gItAvalI/12_bhakta-maryAdA-raxaNa/
резреи рдореЖрдпреНрдпреБрдгрд░реНрджрд▓реН 	 tamiL/padyam/tiruk-kuraL/sarva-prastutiH/1_a.RhattuppAl_dharmakANDaH/3_tu.Rhava.Rhaviyal/12_mEyyuNardal/
резреи рд╢реНрд░реАрд╕реАрддрд╛-рд╕реНрддреБрддрд┐* 	 prakIrNAryabhAShAH/padya/tulasIdAsa/prakIrNa/vinaya-patrikA/12_shrIsItA-stuti/
12 р░Ър▒Жр░▓р░┐р░ор░┐ 	 telugu/padyam/vETUri-prabhAkara-shAstrI/12_chelimi/
резрей рдЕрд┤реБрдХреНрдХрд╛рд▒рд╛рдореИ 	 tamiL/padyam/tiruk-kuraL/sarva-prastutiH/1_a.RhattuppAl_dharmakANDaH/2_illa.Rhaviyal/13_a.LukkA.RhAmai/
резрей рдЕрд╡рд╛рд╡рд▒реБрддреНрддрд▓реН 	 tamiL/padyam/tiruk-kuraL/sarva-prastutiH/1_a.RhattuppAl_dharmakANDaH/3_tu.Rhava.Rhaviyal/13_avAva.Rhuttal/
резрей рдЗрдЧрд▓реН 	 tamiL/padyam/tiruk-kuraL/sarva-prastutiH/2_pOruTpAl_arthakANDaH/3_angaviyal/13_igal/
резрей рдХрдпрдореИ 	 tamiL/padyam/tiruk-kuraL/sarva-prastutiH/2_pOruTpAl_arthakANDaH/4_O.Libiyal/13_kayamai/
резрей рдХреБрд▒рд┐рдкреНрдкрд▒рд┐рд╡реБрд▒реБрддреНрддрд▓реН 	 tamiL/padyam/tiruk-kuraL/sarva-prastutiH/3_kAmattuppAl_kAmakANDaH/2_ka.Rhpiyal/13_ku.Rhippa.Rhivu.Rhuttal/
резрей рддреЖрд░рд┐рдиреНрджреБрджреЖрд│рд┐рджрд▓реН 	 tamiL/padyam/tiruk-kuraL/sarva-prastutiH/2_pOruTpAl_arthakANDaH/1_arasiyal/13_tErindudELidal/
резрей рд░рд╛рдЧ рдЧреМрдбрд╝ рдорд▓рд╛рд░ 	 prakIrNAryabhAShAH/padya/sUradAsa/viraha-padAvalI/13_rAga_gau.Da_malAra/
резрей рд╢реНрд░реАрд░рд╛рдо-рд╕реНрддреБрддрд┐ 	 prakIrNAryabhAShAH/padya/tulasIdAsa/prakIrNa/vinaya-patrikA/13_shrIrAma-stuti/
13 р░Йр░ир▒Нр░ир░Кр░░р▒Б 	 telugu/padyam/vETUri-prabhAkara-shAstrI/13_unnaUru/
резрек рддреЖрд░рд┐рдиреНрджреБрд╡рд┐рдиреИрдпрд╛рдбрд▓реН 	 tamiL/padyam/tiruk-kuraL/sarva-prastutiH/2_pOruTpAl_arthakANDaH/1_arasiyal/14_tErinduvinaiyADal/
резрек рдкрдЧреИрдорд╛рдЯреНрдЪрд┐ 	 tamiL/padyam/tiruk-kuraL/sarva-prastutiH/2_pOruTpAl_arthakANDaH/3_angaviyal/14_pagaimATchi/
резрек рдкрдВрдереА-рд╡рдЪрди рджреЗрд╡рдХреАрдХреЗ рдкреНрд░рддрд┐ 	 prakIrNAryabhAShAH/padya/sUradAsa/viraha-padAvalI/14_paMthI-vachana_devakIke_prati/
резрек рдкреБрдгрд░реНрдЪреНрдЪрд┐рд╡рд┐рджреБрдореНрдмрд▓реН 	 tamiL/padyam/tiruk-kuraL/sarva-prastutiH/3_kAmattuppAl_kAmakANDaH/2_ka.Rhpiyal/14_puNarchchividumbal/
резрек рд╡реЖрд╣реНрд╣рд╛┬│рдореИ 	 tamiL/padyam/tiruk-kuraL/sarva-prastutiH/1_a.RhattuppAl_dharmakANDaH/2_illa.Rhaviyal/14_vEhhAmai/
резрек рд╢реНрд░реАрд░рд╛рдо-рдирд╛рдо-рд╡рдиреНрджрдирд╛ 	 prakIrNAryabhAShAH/padya/tulasIdAsa/prakIrNa/vinaya-patrikA/14_shrIrAma-nAma-vandanA/
14 р░Ор░Вр░жр▒Бр░Хр▒Б? 	 telugu/padyam/vETUri-prabhAkara-shAstrI/14_eMduku/
резрел рдЧреЛрдкреА-рд╡рд┐рд░рд╣-рд╡рд░реНрдгрди 	 prakIrNAryabhAShAH/padya/sUradAsa/viraha-padAvalI/15_gopI-viraha-varNana/
резрел рдиреЖрдЮреНрдЬреКрдбреБрдмреБрд▓рддреНрддрд▓реН 	 tamiL/padyam/tiruk-kuraL/sarva-prastutiH/3_kAmattuppAl_kAmakANDaH/2_ka.Rhpiyal/15_nEnjODubulattal/
резрел рдкрдЧреИрддреНрддрд┐рд▒рдиреНрджреЖрд░рд┐рджрд▓реН 	 tamiL/padyam/tiruk-kuraL/sarva-prastutiH/2_pOruTpAl_arthakANDaH/3_angaviyal/15_pagaitti.RhandEridal/
резрел рдкреБрд▒рдЩреНрдЧреВрд▒рд╛рдореИ 	 tamiL/padyam/tiruk-kuraL/sarva-prastutiH/1_a.RhattuppAl_dharmakANDaH/2_illa.Rhaviyal/15_pu.RhangU.RhAmai/
резрел рд╢реНрд░реАрд░рд╛рдо-рдЖрд░рддреА 	 prakIrNAryabhAShAH/padya/tulasIdAsa/prakIrNa/vinaya-patrikA/15_shrIrAma-AratI/
резрел рд╕реБрд▒реНрд▒рдиреНрджрд┤рд╛рд▓реН 	 tamiL/padyam/tiruk-kuraL/sarva-prastutiH/2_pOruTpAl_arthakANDaH/1_arasiyal/15_suTranda.LAl/
15 р░Хр░Вр░Ър░┐р░Хр░╛р░ор░╛р░Хр▒Нр░╖р░ор▒Нр░о 	 telugu/padyam/vETUri-prabhAkara-shAstrI/15_kaMchikAmAxamma/
резрем рдЙрдЯреНрдкрдЧреИ 	 tamiL/padyam/tiruk-kuraL/sarva-prastutiH/2_pOruTpAl_arthakANDaH/3_angaviyal/16_uTpagai/
резрем рдкрдпрдирд┐рд▓ рд╕реКрд▓реНрд▓рд╛рдореИ 	 tamiL/padyam/tiruk-kuraL/sarva-prastutiH/1_a.RhattuppAl_dharmakANDaH/2_illa.Rhaviyal/16_payanila_sOllAmai/
резрем рдкреБрд▓рд╡рд┐ 	 tamiL/padyam/tiruk-kuraL/sarva-prastutiH/3_kAmattuppAl_kAmakANDaH/2_ka.Rhpiyal/16_pulavi/
резрем рдкреКрдЪреНрдЪрд╛рд╡рд╛рдореИ 	 tamiL/padyam/tiruk-kuraL/sarva-prastutiH/2_pOruTpAl_arthakANDaH/1_arasiyal/16_pOchchAvAmai/
резрем рд╕реНрд╡рдкреНрди-рджрд╢рд╛-рд╡рд░реНрдгрди 	 prakIrNAryabhAShAH/padya/sUradAsa/viraha-padAvalI/16_svapna-dashA-varNana/
резрем рд╣рд░рд┐рд╢рдВрдХрд░реА рдкрдж 	 prakIrNAryabhAShAH/padya/tulasIdAsa/prakIrNa/vinaya-patrikA/16_harishaMkarI_pada/
16 р░Хр▒Вр░ир░▓р░ор▒Нр░о р░кр░жр░╛р░▓р▒Б 	 telugu/padyam/vETUri-prabhAkara-shAstrI/16_kUnalamma_padAlu/
резрен рддреАрд╡рд┐рдиреИрдпрдЪреНрдЪрдореН 	 tamiL/padyam/tiruk-kuraL/sarva-prastutiH/1_a.RhattuppAl_dharmakANDaH/2_illa.Rhaviyal/17_tIvinaiyachcham/
резрен рдкрд╛рд╡рд╕-рдкреНрд░рд╕рдВрдЧ 	 prakIrNAryabhAShAH/padya/sUradAsa/viraha-padAvalI/17_pAvasa-prasaMga/
резрен рдкреБрд▓рд╡рд┐ рдиреБрдгреБрдХреНрдХрдореН 	 tamiL/padyam/tiruk-kuraL/sarva-prastutiH/3_kAmattuppAl_kAmakANDaH/2_ka.Rhpiyal/17_pulavi_nuNukkam/
резрен рдкреЖрд░рд┐рдпрд╛рд░реИрдкреН рдкрд┐рд┤реИрдпрд╛рдореИ 	 tamiL/padyam/tiruk-kuraL/sarva-prastutiH/2_pOruTpAl_arthakANDaH/3_angaviyal/17_pEriyAraip_pi.LaiyAmai/
резрен рд╢реНрд░реАрд░рд╛рдо-рд╕реНрддреБрддрд┐ 	 prakIrNAryabhAShAH/padya/tulasIdAsa/prakIrNa/vinaya-patrikA/17_shrIrAma-stuti/
резрен рд╕реЖрдЩреНрдЧреЛрдиреНрдореИ 	 tamiL/padyam/tiruk-kuraL/sarva-prastutiH/2_pOruTpAl_arthakANDaH/1_arasiyal/17_sEngonmai/
17 р░Ир░╢р▒Нр░╡р░░р▒Бр░бр▒Б 	 telugu/padyam/vETUri-prabhAkara-shAstrI/17_IshvaruDu/
резрео рдКрдбрд▓реБрд╡рдЧреИ 	 tamiL/padyam/tiruk-kuraL/sarva-prastutiH/3_kAmattuppAl_kAmakANDaH/2_ka.Rhpiyal/18_UDaluvagai/
резрео рдТрдкреНрдкреБрд░рд╡рд▒рд┐рджрд▓реН 	 tamiL/padyam/tiruk-kuraL/sarva-prastutiH/1_a.RhattuppAl_dharmakANDaH/2_illa.Rhaviyal/18_Oppurava.Rhidal/
резрео рдХреКрдбреБрдЩреНрдЧреЛрдиреНрдореИ 	 tamiL/padyam/tiruk-kuraL/sarva-prastutiH/2_pOruTpAl_arthakANDaH/1_arasiyal/18_kODungonmai/
резрео рдкреЖрдгреНрд╡рд┤рд┐рдЪреНрдЪреЗрд▒рд▓реН 	 tamiL/padyam/tiruk-kuraL/sarva-prastutiH/2_pOruTpAl_arthakANDaH/3_angaviyal/18_pENva.Lichche.Rhal/
резрео рд╢реНрд░реАрд░рдВрдЧ-рд╕реНрддреБрддрд┐ 	 prakIrNAryabhAShAH/padya/tulasIdAsa/prakIrNa/vinaya-patrikA/18_shrIraMga-stuti/
18 р░Хр░╛р░Хр░ор▒Нр░о 	 telugu/padyam/vETUri-prabhAkara-shAstrI/18_kAkamma/
резреп рдИрдЧреИ 	 tamiL/padyam/tiruk-kuraL/sarva-prastutiH/1_a.RhattuppAl_dharmakANDaH/2_illa.Rhaviyal/19_Igai/
резреп рд╡рд░реИрд╡рд┐рдиреНрдордЧрд│рд┐рд░реН 	 tamiL/padyam/tiruk-kuraL/sarva-prastutiH/2_pOruTpAl_arthakANDaH/3_angaviyal/19_varaivinmagaLir/
резреп рд╡реЖрд░реБрд╡рдиреНрджрд╕реЖрдпреНрдпрд╛рдореИ 	 tamiL/padyam/tiruk-kuraL/sarva-prastutiH/2_pOruTpAl_arthakANDaH/1_arasiyal/19_vEruvandasEyyAmai/
резреп рд╢реНрд░реАрдирд░-рдирд╛рд░рд╛рдпрдг-рд╕реНрддреБрддрд┐ 	 prakIrNAryabhAShAH/padya/tulasIdAsa/prakIrNa/vinaya-patrikA/19_shrInara-nArAyaNa-stuti/
19 р░Ер░пр░┐р░жр▒Б р░╡р▒Нр░░р▒Зр░│р▒Нр░▓р▒Б 	 telugu/padyam/vETUri-prabhAkara-shAstrI/19_ayidu_vrELlu/
реи 	 prakIrNAryabhAShAH/padya/rashmirathI/2/
реиреж рдХрдгреНрдгреЛрдЯреН рдЯрдореН 	 tamiL/padyam/tiruk-kuraL/sarva-prastutiH/2_pOruTpAl_arthakANDaH/1_arasiyal/20_kaNNoT_Tam/
реиреж рдХрд│реНрд│реБрдгреНрдгрд╛рдореИ 	 tamiL/padyam/tiruk-kuraL/sarva-prastutiH/2_pOruTpAl_arthakANDaH/3_angaviyal/20_kaLLuNNAmai/
реиреж рдкреБрдЧрд┤реН 	 tamiL/padyam/tiruk-kuraL/sarva-prastutiH/1_a.RhattuppAl_dharmakANDaH/2_illa.Rhaviyal/20_puga.L/
реиреж рд╢реНрд░реАрд╡рд┐рдиреНрджреБрдорд╛рдзрд╡-рд╕реНрддреБрддрд┐ 	 prakIrNAryabhAShAH/padya/tulasIdAsa/prakIrNa/vinaya-patrikA/20_shrIvindumAdhava-stuti/
20 р░╕р░╣р░Ьр░Чр▒Бр░гр░ор▒Б 	 telugu/padyam/vETUri-prabhAkara-shAstrI/20_sahajaguNamu/
реирез рдТрд▒реНрд▒рд╛рдбрд▓реН 	 tamiL/padyam/tiruk-kuraL/sarva-prastutiH/2_pOruTpAl_arthakANDaH/1_arasiyal/21_OTrADal/
реирез рд╢реНрд░реАрд░рд╛рдо-рд╡рдиреНрджрдирд╛ 	 prakIrNAryabhAShAH/padya/tulasIdAsa/prakIrNa/vinaya-patrikA/21_shrIrAma-vandanA/
реирез рд╕реВрджреБ 	 tamiL/padyam/tiruk-kuraL/sarva-prastutiH/2_pOruTpAl_arthakANDaH/3_angaviyal/21_sUdu/
21 р░кр░░р░╛р░Ър░Хр░╛р░▓р▒Б 	 telugu/padyam/vETUri-prabhAkara-shAstrI/21_parAchakAlu/
реиреи рдКрдХреНрдХрдореБрдбреИрдореИ 	 tamiL/padyam/tiruk-kuraL/sarva-prastutiH/2_pOruTpAl_arthakANDaH/1_arasiyal/22_UkkamuDaimai/
реиреи рдорд░реБрдиреНрджреБ 	 tamiL/padyam/tiruk-kuraL/sarva-prastutiH/2_pOruTpAl_arthakANDaH/3_angaviyal/22_marundu/
реиреи рд╢реНрд░реАрд░рд╛рдо-рдирд╛рдо-рдЬрд╛рдк 	 prakIrNAryabhAShAH/padya/tulasIdAsa/prakIrNa/vinaya-patrikA/22_shrIrAma-nAma-jApa/
22 р░Ер░Яр▒Нр░▓р░др░жр▒Нр░жр░┐ 	 telugu/padyam/vETUri-prabhAkara-shAstrI/22_aTlataddi/
реирей рдордбрд┐рдпрд┐рдиреНрдореИ 	 tamiL/padyam/tiruk-kuraL/sarva-prastutiH/2_pOruTpAl_arthakANDaH/1_arasiyal/23_maDiyinmai/
реирей рд╡рд┐рдирдпрд╛рд╡рд▓реА 	 prakIrNAryabhAShAH/padya/tulasIdAsa/prakIrNa/vinaya-patrikA/23_vinayAvalI/
23 р░Ър░кр▒Нр░кр░Яр▒Нр░▓р▒Б 	 telugu/padyam/vETUri-prabhAkara-shAstrI/23_chappaTlu/
реирек рдЖрд│реНрд╡рд┐рдиреИрдпреБрдбреИрдореИ 	 tamiL/padyam/tiruk-kuraL/sarva-prastutiH/2_pOruTpAl_arthakANDaH/1_arasiyal/24_ALvinaiyuDaimai/
реирек рдкрд░рд┐рд╢рд┐рд╖реНрдЯ 	 prakIrNAryabhAShAH/padya/tulasIdAsa/prakIrNa/vinaya-patrikA/24_parishiShTa/
24 р░мр░Вр░бр░┐р░кр░╛р░Я 	 telugu/padyam/vETUri-prabhAkara-shAstrI/24_baMDipATa/
реирел рдЗрдбреБрдХреНрдХрдгрд┤рд┐рдпрд╛рдореИ 	 tamiL/padyam/tiruk-kuraL/sarva-prastutiH/2_pOruTpAl_arthakANDaH/1_arasiyal/25_iDukkaNa.LiyAmai/
25 р░Чр░Ър▒Нр░Ър░Хр░╛р░пр░▓р▒Б 	 telugu/padyam/vETUri-prabhAkara-shAstrI/25_gachchakAyalu/
26 р░Ьр░бр▒Бр░кр▒Б 	 telugu/padyam/vETUri-prabhAkara-shAstrI/26_jaDupu/
27 р░мр░▓р░╛р░мр░▓р░╛р░▓р▒Б 	 telugu/padyam/vETUri-prabhAkara-shAstrI/27_balAbalAlu/
28 р░╡р░╛р░ир░╡р░▓р▒Нр░▓р░кр▒Нр░кр░▓р▒Б 	 telugu/padyam/vETUri-prabhAkara-shAstrI/28_vAnavallappalu/
29 р░ир▒Зр░др░┐р░▓р▒Л р░ир▒Зр░░р▒Зр░бр▒Бр░кр░Вр░бр▒Б 	 telugu/padyam/vETUri-prabhAkara-shAstrI/29_nEtilO_nErEDupaMDu/
рей 	 prakIrNAryabhAShAH/padya/rashmirathI/3/
30 р░Хр░╛р░│р▒Нр░▓р░╛р░Чр░Ьр▒Нр░Ьр▒А... 	 telugu/padyam/vETUri-prabhAkara-shAstrI/30_kALlAgajjI.../
31 р░Ър░┐р░Яр▒Нр░Яр░┐р░кр▒Кр░Яр▒Нр░Яр░┐ р░ор░┐р░░р░┐р░пр░╛р░▓р▒Б 	 telugu/padyam/vETUri-prabhAkara-shAstrI/31_chiTTipoTTi_miriyAlu/
32 р░Чр▒Бр░бр▒Бр░Чр▒Бр░бр▒Бр░Хр▒Бр░Вр░Ър░В... 	 telugu/padyam/vETUri-prabhAkara-shAstrI/32_guDuguDukuMchaM.../
33 р░Ър▒Жр░ор▒Нр░ор░Ър▒Жр░Хр▒Нр░Х 	 telugu/padyam/vETUri-prabhAkara-shAstrI/33_chemmachekka/
34 р░ир▒Жр░др▒Нр░др░┐р░ор▒Ар░ж р░Чр▒Лр░░р░┐р░Вр░Х 	 telugu/padyam/vETUri-prabhAkara-shAstrI/34_nettimIda_gOriMka/
35 р░др░╛р░др░кр▒Жр░Вр░бр▒Нр░▓р░┐ 	 telugu/padyam/vETUri-prabhAkara-shAstrI/35_tAtapeMDli/
36 р░жр░╛р░Чр▒Бр░бр▒Бр░ор▒Вр░др░▓р▒Б 	 telugu/padyam/vETUri-prabhAkara-shAstrI/36_dAguDumUtalu/
37 р░Тр░кр▒Нр░кр▒Бр░▓р░Хр▒Бр░кр▒Нр░к 	 telugu/padyam/vETUri-prabhAkara-shAstrI/37_oppulakuppa/
38 р░мр▒Кр░ор▒Нр░ор░▓р░кр▒Жр░Вр░бр▒Нр░▓р░┐ 	 telugu/padyam/vETUri-prabhAkara-shAstrI/38_bommalapeMDli/
39 р░ир░╛р░▓р▒Бр░Чр▒Бр░╕р▒Нр░др░Вр░нр░╛р░▓р░╛р░Я 	 telugu/padyam/vETUri-prabhAkara-shAstrI/39_nAlugustaMbhAlATa/
40 р░╕р░Вр░жр▒Жр░Чр▒Кр░мр▒Нр░мр▒Ж 	 telugu/padyam/vETUri-prabhAkara-shAstrI/40_saMdegobbe/
41 р░Чр▒Бр░ор▒Нр░ор░╛р░бр░ор▒Нр░ор░╛... 	 telugu/padyam/vETUri-prabhAkara-shAstrI/41_gummADammA.../
42 р░Пр░ир▒Бр░Чр░ор▒Нр░ор░╛ р░Пр░ир▒Бр░Чр▒Б! 	 telugu/padyam/vETUri-prabhAkara-shAstrI/42_EnugammA_Enugu/
43 р░др░╛р░░р░Вр░Чр░В 	 telugu/padyam/vETUri-prabhAkara-shAstrI/43_tAraMgaM/
44 р░др░╛р░░р░ор▒Нр░ор░пр▒Нр░пр░╛! 	 telugu/padyam/vETUri-prabhAkara-shAstrI/44_tArammayyA/
45 р░др░кр▒Нр░кр▒Бр░Яр░бр▒Бр░Чр▒Бр░▓р▒Б 	 telugu/padyam/vETUri-prabhAkara-shAstrI/45_tappuTaDugulu/
46 р░Ър░Хр▒Нр░Хр░┐р░▓р░┐р░Чр░┐р░Вр░др░▓р▒Б 	 telugu/padyam/vETUri-prabhAkara-shAstrI/46_chakkiligiMtalu/
47 р░жр▒Кр░Вр░Чр░╡р▒Л? р░жр▒Кр░░р░╡р▒Л? 	 telugu/padyam/vETUri-prabhAkara-shAstrI/47_doMgavO_doravO/
48 р░жр▒Ар░кр░╛р░░р░╛р░зр░и 	 telugu/padyam/vETUri-prabhAkara-shAstrI/48_dIpArAdhana/
49 р░Чр▒Лр░░р▒Бр░ор▒Бр░жр▒Нр░ж; р░Чр▒Бр░Ьр▒Нр░Ьр▒Бр░ор▒Бр░жр▒Нр░ж 	 telugu/padyam/vETUri-prabhAkara-shAstrI/49_gOrumudda_gujjumudda/
50 р░Ер░ор▒Нр░ор░ор▒Бр░жр▒Нр░ж; р░ир░╛р░ир▒Нр░ир░ор▒Бр░жр▒Нр░ж 	 telugu/padyam/vETUri-prabhAkara-shAstrI/50_ammamudda_nAnnamudda/
51 р░жр▒Кр░Вр░Чр░мр▒Бр░╡р▒Нр░╡ 	 telugu/padyam/vETUri-prabhAkara-shAstrI/51_doMgabuvva/
52 р░╡р▒Жр░ир▒Нр░ир▒Жр░▓ р░Чр▒Бр░Ьр▒Нр░Ьр▒Бр░▓р▒Б 	 telugu/padyam/vETUri-prabhAkara-shAstrI/52_vennela_gujjulu/
53 р░Ьр▒Лр░▓р░кр░╛р░Я 	 telugu/padyam/vETUri-prabhAkara-shAstrI/53_jOlapATa/
54 р░мр▒Вр░Ър░┐р░╡р░╛р░ир░┐ р░мр░┐р░▓р▒Бр░╡р░ир░Вр░кр░ир░╛ 	 telugu/padyam/vETUri-prabhAkara-shAstrI/54_bUchivAni_biluvanaMpanA/
Accent stress 	 castellano_espanol/accent_stress/
adam d─Бrayavau┼б 	 Ariya-vachaH/adam_dArayavaush/
Ashraf choice 	 tamiL/padyam/tiruk-kuraL/TIkA/en/ashraf-choice/
Categories 	 categories/
Classical-chinese 	 chinese/articles/classical-chinese/
Classicists and sight-reading Latin 	 latina/articles/classicists_and_sight-reading_latin/
dIn-e-hijAjI 	 urdu/dIn-e-hijAjI/
Etymology 	 marAThI/meta/etymology_usage/
Fortuna imperatrix 	 latina/canticum/fortuna_imperatrix/
Hi 	 tamiL/padyam/tiruk-kuraL/TIkA/hi/
History 	 prakIrNAryabhAShAH/meta/history/
Kn 	 tamiL/padyam/tiruk-kuraL/TIkA/kn/
kriyA-padam 	 portuges/kriyA-padam/
nAma padam 	 castellano_espanol/nAma-padam/
Old norse 	 ger-man/old-norse/
Orthography 	 latina/articles/orthography_reference/
Prakrit form sanskrit opinions 	 prAkRtam/meta/prAkRt-from-sanskrit-opinions/
Sanskrit for anchoring 	 prAkRtam/meta/sanskrit-for-anchoring/
shixA 	 castellano_espanol/shixA/
shixA 	 portuges/shixA/
shrI-vaiShNava-paribhAShA 	 tamiL/gadyam/shrI-vaiShNava/shrI-vaiShNava-paribhAShA/
Shuddh Ananda bhAratI 	 tamiL/padyam/tiruk-kuraL/TIkA/en/shuddhAnanda-bhAratI/
Syed Ahmed and Urdu 	 prakIrNAryabhAShAH/meta/syed-ahmed_and_urdu/
Tags 	 tags/
Thirsty crow 	 telugu/gadyam/ai-kid-stories/thirsty-crow/
UP hindI urdu 	 prakIrNAryabhAShAH/meta/UP-hindI/
Urdu fall 	 prakIrNAryabhAShAH/meta/urdu-fall/
рдЕрдХреНрд╖рд░рдорд╛рд▓рд╛ 	 tamiL/aksharamAlA/
рдЕрдХреНрд╖рд░рдорд╛рд▓рд╛ рджреЗрд╡рдирд╛рдЧрд░реНрдпрд╛ 	 tamiL/aksharamAlA_dev/
рдЖрдЬрд┐ рдЧреЛрдзреВрд▓рд┐ 	 vAnga/ThAkura-ravIndranAtha/gIta/Aji_godhUli/
рдЙрдЪреНрдЪрд╛рд░рдг-рдкрд░рд┐рд╡рд░реНрддрдирдореН 	 prakIrNAryabhAShAH/meta/uchchAraNa-parivartanam/
рдХрд╡рд┐-рд╕рдордпрд╛рдГ 	 tamiL/kavi-samayAH/
рдХреЛрд╢рдГ 	 tamiL/koshaH/
рдХреМрди рдХреЗрд╣рддреЗ 	 prakIrNAryabhAShAH/gIta/kauna_kehete/
рдХреНрд░рд┐рдпрд╛рдкрджрдореН 	 prakIrNAryabhAShAH/vyAkaraNa/avadhi/kriyA-padam/
рдХреНрд░рд┐рдпрд╛рдкрджрдореН 	 prakIrNAryabhAShAH/vyAkaraNa/panjAbI/kriyA-padam/
рдХреНрд░рд┐рдпрд╛рдкрджрдореН 	 tamiL/vyAkaraNam/kriyA-padam/
рдХреНрд░рд┐рдпрд╛рдкрджрдореН 	 telugu/vyAkaraNam/kriyA-padam/
рдЦреБрджрд╛рд░рд╛рдо 	 prakIrNAryabhAShAH/gadya/bechan-sharma_ugra/khudA-rAm/
рдЫрдиреНрджрдГ 	 tamiL/ChandaH/
рдЬрди-рдЧрдг-рдорди-рдЕрдзрд┐рдирд╛рдпрдХ 	 prakIrNAryabhAShAH/padya/jana-gaNa-mana-adhinAyaka/
рддреЛрдорд╛рд░реЗрдЗ рдХрд░рд┐реЯрд╛рдЫрд┐ 	 vAnga/ThAkura-ravIndranAtha/gIta/tomArei_kariyAChi/
рджреЛрд╣рд╛рд╡рд▓реА 	 prakIrNAryabhAShAH/padya/tulasIdAsa/prakIrNa/dohAvalI/
рдирд╛рдордкрджрдореН 	 prakIrNAryabhAShAH/vyAkaraNa/avadhi/nAma-padam/
рдирд╛рдордкрджрдореН 	 prakIrNAryabhAShAH/vyAkaraNa/panjAbI/nAma-padam/
рдирд╛рдордкрджрдореН 	 tamiL/vyAkaraNam/nAma-padam/
рдирд╛рдордкрджрдореН 	 telugu/vyAkaraNam/nAma-padam/
рдирд┐рддреНрдпрд╛рдиреБрд╕рдиреНрдзрд╛рдирдореН 	 tamiL/gadyam/shrI-vaiShNava/nityAnusandhAnam/
рдиреАрддрд┐-рдЪрдиреНрджреНрд░рд┐рдХрд╛ 	 telugu/gadyam/paravastu-chinnayya-sUri/nIti-chandrikA/
рдкрд╛рдЗрдЕ-рд╕рджреНрдж-рдорд╣рд╛рдгреНрдгрд╡-рдкрд╡реЗрд╕ 	 prAkRtam/meta/articles/sheth_pAia-sadda-mahANNavo-intro/
рдкрд╛рд░реНрд╡рддреА рдордЩреНрдЧрд▓реН 	 prakIrNAryabhAShAH/padya/tulasIdAsa/prakIrNa/pArvatI_mangal/
рдкреНрд░рд╛рддрд┐рдкрджрд┐рдХрдореН 	 marAThI/vyAkaraNa/prAtipadikam/
рдкреНрд░рд╛рддрд┐рдкрджрд┐рдХрдореН 	 prakIrNAryabhAShAH/vyAkaraNa/avadhi/prAtipadikam/
рдкреНрд░рд╛рддрд┐рдкрджрд┐рдХрдореН 	 prakIrNAryabhAShAH/vyAkaraNa/panjAbI/prAtipadikam/
рдкреНрд░рд╛рддрд┐рдкрджрд┐рдХрдореН 	 tamiL/vyAkaraNam/prAtipadikam/
рдкреНрд░рд╛рддрд┐рдкрджрд┐рдХрдореН 	 telugu/vyAkaraNam/prAtipadikam/
рднрд╛рд░рддреАрдп рд╕рдирд╛рддрди рдзрд░реНрдордВ 	 telugu/gadyam/addanki-shrInivAsa/bhAratIya-sanAtana-dharmamu/
рдореВрд▓рдореН 	 tamiL/padyam/tiruk-kuraL/mUlam/
рд░рдШреБрдкрддрд┐ рд░рд╛рдШрд╡ 	 prakIrNAryabhAShAH/padya/raghupati_rAghava/
рд░рд╛рдордЪрдиреНрджреНрд░-рджреАрдХреНрд╖рд┐рддрдГ 	 tamiL/padyam/tiruk-kuraL/TIkA/en/rAmachandra-dIxitaH/
рд▓рд▓рдирд╛ 	 telugu/padyam/prakIrNam/lalanA/
рд▓рд┐рдкрд┐рдГ 	 tamiL/lipiH/
рд▓рд┐рдкрд┐рдГ 	 telugu/lipiH/
рд╡рд╛рдЩреНрдЧ 	 vAnga/
рд╢рд┐рдХреНрд╖рд╛ 	 maLayALam/shixA/
рд╢рд┐рдХреНрд╖рд╛ 	 tamiL/shixA/
рд╢реНрд░реАрд░рд╛рдо-рджреЗрд╢рд┐рдХрдГ 	 tamiL/padyam/tiruk-kuraL/TIkA/sa/shrI-rAma-deshikaH/
рд╕рдиреНрдзрд┐рдГ 	 tamiL/vyAkaraNam/sandhiH/
рд╕реБрдиреНрджрд░-рд░рд╛рдЬрдГ 	 tamiL/padyam/tiruk-kuraL/TIkA/sa/sundara-rAjaH/
рд╕реБрдмрдиреНрддрдореН 	 marAThI/vyAkaraNa/subantam/
рд╕реЗрддреБрдмрдиреНрдзрдореН 	 prAkRtam/padyam/setubandham/
ЁЯе╜ЁЯФж 	 search/
